{"cameraMode":{"drawMode":0,"name":"Shaded","section":"Shading Mode"},"sceneLighting":false,"audioPlay":false,"sceneViewState":{"m_AlwaysRefresh":false,"showFog":true,"showSkybox":false,"showFlares":true,"showImageEffects":true,"showParticleSystems":true,"showVisualEffectGraphs":true,"m_FxEnabled":true},"in2DMode":false,"pivot":{"x":0.3457985520362854,"y":1.2441768646240235,"z":0.42932844161987307},"rotation":{"x":0.21895548701286317,"y":0.10339748114347458,"z":-0.02334742248058319,"w":0.970034122467041},"size":4.357509613037109,"orthographic":false}