{"cameraMode":{"drawMode":0,"name":"Shaded","section":"Shading Mode"},"sceneLighting":true,"audioPlay":false,"sceneViewState":{"m_AlwaysRefresh":false,"showFog":true,"showSkybox":true,"showFlares":true,"showImageEffects":true,"showParticleSystems":true,"showVisualEffectGraphs":true,"m_FxEnabled":true},"in2DMode":false,"pivot":{"x":-1.4898080825805665,"y":105.3745346069336,"z":-15.706609725952149},"rotation":{"x":-0.047971583902835849,"y":-0.9475758075714111,"z":0.17188598215579987,"w":-0.2653685212135315},"size":63.03847122192383,"orthographic":false}