{"cameraMode":{"drawMode":0,"name":"Shaded","section":"Shading Mode"},"sceneLighting":false,"audioPlay":false,"sceneViewState":{"m_AlwaysRefresh":false,"showFog":true,"showSkybox":false,"showFlares":true,"showImageEffects":true,"showParticleSystems":true,"showVisualEffectGraphs":true,"m_FxEnabled":true},"in2DMode":false,"pivot":{"x":330.9832458496094,"y":220.46218872070313,"z":-2.0091075897216799},"rotation":{"x":-0.005530605558305979,"y":0.78885817527771,"z":0.007100083865225315,"w":0.6145099401473999},"size":17.717248916625978,"orthographic":false}