{"cameraMode":{"drawMode":0,"name":"Shaded","section":"Shading Mode"},"sceneLighting":false,"audioPlay":false,"sceneViewState":{"m_AlwaysRefresh":false,"showFog":true,"showSkybox":false,"showFlares":true,"showImageEffects":true,"showParticleSystems":true,"showVisualEffectGraphs":true,"m_FxEnabled":true},"in2DMode":false,"pivot":{"x":-0.39052772521972659,"y":2.6461281776428224,"z":1.7167940139770508},"rotation":{"x":0.0008045765571296215,"y":0.44439637660980227,"z":-0.000399089592974633,"w":0.8958311080932617},"size":7.963133335113525,"orthographic":false}