{"cameraMode":{"drawMode":0,"name":"Shaded","section":"Shading Mode"},"sceneLighting":false,"audioPlay":false,"sceneViewState":{"m_AlwaysRefresh":false,"showFog":true,"showSkybox":false,"showFlares":true,"showImageEffects":true,"showParticleSystems":true,"showVisualEffectGraphs":true,"m_FxEnabled":true},"in2DMode":false,"pivot":{"x":0.059848785400390628,"y":2.437832832336426,"z":0.07226085662841797},"rotation":{"x":0.18694567680358888,"y":0.3709932863712311,"z":-0.07651861011981964,"w":0.9064040780067444},"size":3.0352394580841066,"orthographic":false}