{"cameraMode":{"drawMode":0,"name":"Shaded","section":"Shading Mode"},"sceneLighting":false,"audioPlay":false,"sceneViewState":{"m_AlwaysRefresh":false,"showFog":true,"showSkybox":false,"showFlares":true,"showImageEffects":true,"showParticleSystems":true,"showVisualEffectGraphs":true,"m_FxEnabled":true},"in2DMode":false,"pivot":{"x":5.567131996154785,"y":-0.3961256742477417,"z":1.7044363021850587},"rotation":{"x":0.18694567680358888,"y":0.3709932863712311,"z":-0.07651861011981964,"w":0.9064040780067444},"size":5.2682108879089359,"orthographic":false}