{"cameraMode":{"drawMode":0,"name":"Shaded","section":"Shading Mode"},"sceneLighting":false,"audioPlay":false,"sceneViewState":{"m_AlwaysRefresh":false,"showFog":true,"showSkybox":false,"showFlares":true,"showImageEffects":true,"showParticleSystems":true,"showVisualEffectGraphs":true,"m_FxEnabled":true},"in2DMode":false,"pivot":{"x":0.4453378915786743,"y":0.6305952072143555,"z":0.42960166931152346},"rotation":{"x":0.15113171935081483,"y":-0.7400306463241577,"z":0.17702336609363557,"w":0.6311216950416565},"size":2.8093385696411135,"orthographic":false}